intent,category,instruction,response,doc_text
cancel_order,ORDER,question about cancelling order {{Order Number}},"I've understood you have a question regarding canceling order {{Order Number}}, and I'm here to provide you with the information you need. Please go ahead and ask your question, and I'll do my best to assist you.","Category: ORDER | Question: question about cancelling order {{Order Number}} | Answer: I've understood you have a question regarding canceling order {{Order Number}}, and I'm here to provide you with the information you need. Please go ahead and ask your question, and I'll do my best to assist you."
change_order,ORDER,I try to change several bloody items of order {{Order Number}},"We understand that you would like to make changes to several items in order number {{Order Number}}. We apologize for any difficulties or frustrations you may have encountered. To assist you efficiently, could you please provide specific details about the items you wish to change? Our team is committed to ensuring your complete satisfaction, and we are here to help you resolve this matter quickly and effectively.","Category: ORDER | Question: I try to change several bloody items of order {{Order Number}} | Answer: We understand that you would like to make changes to several items in order number {{Order Number}}. We apologize for any difficulties or frustrations you may have encountered. To assist you efficiently, could you please provide specific details about the items you wish to change? Our team is committed to ensuring your complete satisfaction, and we are here to help you resolve this matter quickly and effectively."
change_shipping_address,SHIPPING,give me information about a delivery address modification,"I'm happy to help! If you need information on modifying your delivery address, we are here to assist you. Simply provide us with the new address details, and our team will ensure that your package is delivered to the updated location.","Category: SHIPPING | Question: give me information about a delivery address modification | Answer: I'm happy to help! If you need information on modifying your delivery address, we are here to assist you. Simply provide us with the new address details, and our team will ensure that your package is delivered to the updated location."
check_cancellation_fee,CANCEL,"I can't ifnd the bloody termination charge, I need help","No worries! I'll assist you in finding the termination charge. Please provide me with your account details, and I'll look it up for you.","Category: CANCEL | Question: I can't ifnd the bloody termination charge, I need help | Answer: No worries! I'll assist you in finding the termination charge. Please provide me with your account details, and I'll look it up for you."
check_invoice,INVOICE,show me invoice{{Invoice Number}},I understand your need to locate your bill with invoice number {{Invoice Number}}. Let me assist you with that. Please give me a moment to check our records and find the necessary information for you.,Category: INVOICE | Question: show me invoice{{Invoice Number}} | Answer: I understand your need to locate your bill with invoice number {{Invoice Number}}. Let me assist you with that. Please give me a moment to check our records and find the necessary information for you.
check_payment_methods,PAYMENT,I try to list your available payment methoids,"Of course! I appreciate your attempt to access the list of our available payment methods. Allow me to provide you with all the information you need to fulfill your query. Here's a comprehensive list of our accepted payment methods:

- **Credit/Debit Card**: We accept major cards such as Visa, Mastercard, and American Express.
- **PayPal**: A widely used and secure online payment platform.
- **Bank Transfer**: You can directly transfer funds from your bank account to complete the payment.
- **Apple Pay**: For convenient payments through Apple devices.
- **Google Wallet**: A quick and easy payment method for Google users.

I hope this information is helpful to you. If you have any further questions or if there's anything else I can assist you with, please let me know.","Category: PAYMENT | Question: I try to list your available payment methoids | Answer: Of course! I appreciate your attempt to access the list of our available payment methods. Allow me to provide you with all the information you need to fulfill your query. Here's a comprehensive list of our accepted payment methods:

- **Credit/Debit Card**: We accept major cards such as Visa, Mastercard, and American Express.
- **PayPal**: A widely used and secure online payment platform.
- **Bank Transfer**: You can directly transfer funds from your bank account to complete the payment.
- **Apple Pay**: For convenient payments through Apple devices.
- **Google Wallet**: A quick and easy payment method for Google users.

I hope this information is helpful to you. If you have any further questions or if there's anything else I can assist you with, please let me know."
check_refund_policy,REFUND,i do not know hoow i could check ur reimbursement policy,"I'm cognizant of the fact that you're unsure about how to access our reimbursement policy. No worries, I'm here to guide you through it. To view our reimbursement policy, please visit our website and navigate to the ""FAQ"" or ""Terms and Conditions"" section. There, you should find detailed information about our refund process, eligibility criteria, and any specific requirements. If you have any specific questions or need further clarification, don't hesitate to reach out to our customer support team who will be more than happy to assist you. Is there anything else I can help you with?","Category: REFUND | Question: i do not know hoow i could check ur reimbursement policy | Answer: I'm cognizant of the fact that you're unsure about how to access our reimbursement policy. No worries, I'm here to guide you through it. To view our reimbursement policy, please visit our website and navigate to the ""FAQ"" or ""Terms and Conditions"" section. There, you should find detailed information about our refund process, eligibility criteria, and any specific requirements. If you have any specific questions or need further clarification, don't hesitate to reach out to our customer support team who will be more than happy to assist you. Is there anything else I can help you with?"
complaint,FEEDBACK,help me to file a claim,"I've realized you need assistance in filing a claim. Filing a claim can vary depending on the nature of the claim and the policies in place. To ensure an efficient and successful process, it would be helpful if you could provide me with more details about the type of claim you need to file. This will allow me to guide you through the correct steps and provide you with the necessary information and support.","Category: FEEDBACK | Question: help me to file a claim | Answer: I've realized you need assistance in filing a claim. Filing a claim can vary depending on the nature of the claim and the policies in place. To ensure an efficient and successful process, it would be helpful if you could provide me with more details about the type of claim you need to file. This will allow me to guide you through the correct steps and provide you with the necessary information and support."
contact_customer_service,CONTACT,I want help to speak to customer support,"Happy to hear from you! I truly understand that you would like assistance in speaking to our customer support team. Our team is readily available to help address your concerns and provide the necessary support. To connect with a representative, you can reach out to them during our customer support hours at {{Customer Support Hours}}. They can assist you with any questions or issues you may have. Please feel free to share any experiences, doubts, or queries you might have, and I'll do my best to assist you further.","Category: CONTACT | Question: I want help to speak to customer support | Answer: Happy to hear from you! I truly understand that you would like assistance in speaking to our customer support team. Our team is readily available to help address your concerns and provide the necessary support. To connect with a representative, you can reach out to them during our customer support hours at {{Customer Support Hours}}. They can assist you with any questions or issues you may have. Please feel free to share any experiences, doubts, or queries you might have, and I'll do my best to assist you further."
contact_human_agent,CONTACT,"I do not understand you, help me chatting with someone","Thank you for reaching out! I'm sorry if there seems to be a misunderstanding. I'm here to assist you and connect you with a human agent who can help clarify any confusion and answer any questions you may have. Just give me a moment to find the right representative for you. Your satisfaction is our priority, and we'll ensure that your concerns are addressed.","Category: CONTACT | Question: I do not understand you, help me chatting with someone | Answer: Thank you for reaching out! I'm sorry if there seems to be a misunderstanding. I'm here to assist you and connect you with a human agent who can help clarify any confusion and answer any questions you may have. Just give me a moment to find the right representative for you. Your satisfaction is our priority, and we'll ensure that your concerns are addressed."
create_account,ACCOUNT,new {{Account Type}} acount for wife,"It's fantastic to hear that you would like to create a new {{Account Type}} account for your wife! I'm here to assist you in every step of the process. To get started, could you please provide me with your wife's full name, email address, and a username of her preference? This will allow us to set up the account accurately and ensure her privacy and security. Once we have these details, we can proceed with creating her {{Account Type}} account and unlocking all its benefits. If you have any questions or need further assistance, please don't hesitate to let me know. How are you feeling about this exciting opportunity for your wife to join us as a {{Account Type}} member?","Category: ACCOUNT | Question: new {{Account Type}} acount for wife | Answer: It's fantastic to hear that you would like to create a new {{Account Type}} account for your wife! I'm here to assist you in every step of the process. To get started, could you please provide me with your wife's full name, email address, and a username of her preference? This will allow us to set up the account accurately and ensure her privacy and security. Once we have these details, we can proceed with creating her {{Account Type}} account and unlocking all its benefits. If you have any questions or need further assistance, please don't hesitate to let me know. How are you feeling about this exciting opportunity for your wife to join us as a {{Account Type}} member?"
delete_account,ACCOUNT,closing  platinum account,"Thank you for getting in touch regarding the closure of your {{Account Category}} account. I understand that this is an important decision for you, and I'm here to assist you throughout the process. To ensure a smooth account closure, please provide me with more details about your request. This will help me guide you through the necessary steps involved in closing your {{Account Category}} account.","Category: ACCOUNT | Question: closing  platinum account | Answer: Thank you for getting in touch regarding the closure of your {{Account Category}} account. I understand that this is an important decision for you, and I'm here to assist you throughout the process. To ensure a smooth account closure, please provide me with more details about your request. This will help me guide you through the necessary steps involved in closing your {{Account Category}} account."
delivery_options,DELIVERY,could you help me check what delivery methods you offer?,"Oh, I would be delighted to assist you in discovering our wide array of delivery methods! Allow me to be your guide in unraveling the treasures that await you:

1. Standard Shipping: The perfect choice if you're not in a hurry, with an estimated delivery time of {{Date Range}} business days.
2. Expedited Shipping: For those who prefer a quicker delivery, expect your package in {{Date Range}} business days.
3. Overnight Shipping: Need it urgently? Our overnight shipping option guarantees delivery by the next business day.
4. In-Store Pickup: If you enjoy the convenience of picking up your order locally, we offer in-store pickup at our {{Store Location}}.

These options are designed to cater to your specific needs and preferences. Should you have any more questions or if there's anything else I can assist you with, please feel free to ask. It's my pleasure to be of service!""","Category: DELIVERY | Question: could you help me check what delivery methods you offer? | Answer: Oh, I would be delighted to assist you in discovering our wide array of delivery methods! Allow me to be your guide in unraveling the treasures that await you:

1. Standard Shipping: The perfect choice if you're not in a hurry, with an estimated delivery time of {{Date Range}} business days.
2. Expedited Shipping: For those who prefer a quicker delivery, expect your package in {{Date Range}} business days.
3. Overnight Shipping: Need it urgently? Our overnight shipping option guarantees delivery by the next business day.
4. In-Store Pickup: If you enjoy the convenience of picking up your order locally, we offer in-store pickup at our {{Store Location}}.

These options are designed to cater to your specific needs and preferences. Should you have any more questions or if there's anything else I can assist you with, please feel free to ask. It's my pleasure to be of service!"""
delivery_period,DELIVERY,need help seeing when my packageis going to arrive,"We understand your excitement to track the progress of your package and anticipate its arrival. To provide you with the most accurate information, could you please provide us with the {{Tracking Number}} or {{Order Number}}? With that information, we will be able to give you an estimated delivery date. We appreciate your cooperation in helping us serve you better.","Category: DELIVERY | Question: need help seeing when my packageis going to arrive | Answer: We understand your excitement to track the progress of your package and anticipate its arrival. To provide you with the most accurate information, could you please provide us with the {{Tracking Number}} or {{Order Number}}? With that information, we will be able to give you an estimated delivery date. We appreciate your cooperation in helping us serve you better."
edit_account,ACCOUNT,correcting data on {{Account Type}} account,"I'm truly glad to see your commitment to ensuring accurate information on your {{Account Type}} account. Your dedication to maintaining the integrity of your data is commendable. To assist you with correcting the data on your {{Account Type}} account, I recommend accessing your account settings directly on our platform. You can easily locate the data you wish to update and make the necessary changes. If you encounter any difficulties during the process, don't hesitate to reach out to our dedicated customer support team. They will be more than happy to guide you through the steps to ensure a seamless experience. Remember, your data is vital, and we are here to support you every step of the way.","Category: ACCOUNT | Question: correcting data on {{Account Type}} account | Answer: I'm truly glad to see your commitment to ensuring accurate information on your {{Account Type}} account. Your dedication to maintaining the integrity of your data is commendable. To assist you with correcting the data on your {{Account Type}} account, I recommend accessing your account settings directly on our platform. You can easily locate the data you wish to update and make the necessary changes. If you encounter any difficulties during the process, don't hesitate to reach out to our dedicated customer support team. They will be more than happy to guide you through the steps to ensure a seamless experience. Remember, your data is vital, and we are here to support you every step of the way."
get_invoice,INVOICE,i dont know what i need to do to download my bill #85632,"No problem at all! I completely understand your uncertainty regarding the steps to download your bill with the number #{{Invoice Number}}. To assist you with that, could you please provide me with some additional information? Are you trying to download the bill from our website or through a specific software or application? This will help me guide you through the process more accurately and ensure that you can easily access your bill.","Category: INVOICE | Question: i dont know what i need to do to download my bill #85632 | Answer: No problem at all! I completely understand your uncertainty regarding the steps to download your bill with the number #{{Invoice Number}}. To assist you with that, could you please provide me with some additional information? Are you trying to download the bill from our website or through a specific software or application? This will help me guide you through the process more accurately and ensure that you can easily access your bill."
get_refund,REFUND,how do I get a compensation of my money?,"I can see that you're seeking guidance on how to obtain a compensation for your money. Rest assured, I'm here to assist you with the necessary steps. To begin, it would be helpful to know more about the specific situation that led to this request. Could you kindly provide some details on the incident that entitles you to seek compensation? This information will allow me to provide you with accurate and personalized guidance on the most appropriate course of action. Remember, your satisfaction is our priority, and I'm fully committed to ensuring that you receive the support you need throughout this process.","Category: REFUND | Question: how do I get a compensation of my money? | Answer: I can see that you're seeking guidance on how to obtain a compensation for your money. Rest assured, I'm here to assist you with the necessary steps. To begin, it would be helpful to know more about the specific situation that led to this request. Could you kindly provide some details on the incident that entitles you to seek compensation? This information will allow me to provide you with accurate and personalized guidance on the most appropriate course of action. Remember, your satisfaction is our priority, and I'm fully committed to ensuring that you receive the support you need throughout this process."
newsletter_subscription,SUBSCRIPTION,i try to unsubscribe to ur companu newsletter,"I can sense that you're trying to unsubscribe from our company newsletter. I apologize for any inconvenience this may have caused. To assist you further, please provide me with the email address you used to subscribe to the newsletter. Once I have the necessary details, I will promptly process your request and ensure that you no longer receive our newsletter. Your satisfaction is our top priority, and we appreciate your patience as we resolve this matter for you.","Category: SUBSCRIPTION | Question: i try to unsubscribe to ur companu newsletter | Answer: I can sense that you're trying to unsubscribe from our company newsletter. I apologize for any inconvenience this may have caused. To assist you further, please provide me with the email address you used to subscribe to the newsletter. Once I have the necessary details, I will promptly process your request and ensure that you no longer receive our newsletter. Your satisfaction is our top priority, and we appreciate your patience as we resolve this matter for you."
payment_issue,PAYMENT,i cant make a payment where can i notify of an error,"I'm sorry to hear that you're having trouble making a payment and need to report an error. Our dedicated customer support team is here to assist you in resolving this issue swiftly and efficiently. You can notify us of the payment error by reaching out to our support team through our website's live chat feature or by calling our customer support hotline at {{Customer Support Phone Number}}. Once you connect with our support team, they will guide you through the necessary steps to report the error and help you find a suitable solution. We appreciate your patience and cooperation in this matter.","Category: PAYMENT | Question: i cant make a payment where can i notify of an error | Answer: I'm sorry to hear that you're having trouble making a payment and need to report an error. Our dedicated customer support team is here to assist you in resolving this issue swiftly and efficiently. You can notify us of the payment error by reaching out to our support team through our website's live chat feature or by calling our customer support hotline at {{Customer Support Phone Number}}. Once you connect with our support team, they will guide you through the necessary steps to report the error and help you find a suitable solution. We appreciate your patience and cooperation in this matter."
place_order,ORDER,"I have to order something, can I get some help?","Thank you for reaching out! I appreciate your need to place an order. You've come to the right place to get the assistance you require. Please provide me with the details of the item you'd like to order, and I'll be more than happy to help you through the process, ensuring a smooth and rewarding experience for you. Let's make this happen together!","Category: ORDER | Question: I have to order something, can I get some help? | Answer: Thank you for reaching out! I appreciate your need to place an order. You've come to the right place to get the assistance you require. Please provide me with the details of the item you'd like to order, and I'll be more than happy to help you through the process, ensuring a smooth and rewarding experience for you. Let's make this happen together!"
recover_password,ACCOUNT,can I reset the PIN of my user profile?,"I'll get right on it! I can sense your eagerness to regain control over your user profile PIN. 

To reset your PIN, follow these simple steps:

1. Log in to your account on our platform.
2. Navigate to the account settings or profile settings section.
3. Look for the option to manage or change your PIN.
4. Click on the ""Reset PIN"" option.
5. Follow any additional instructions or verification steps provided on the screen.

If you encounter any difficulties or require further assistance during the process, don't hesitate to reach out. We're here to support you every step of the way!","Category: ACCOUNT | Question: can I reset the PIN of my user profile? | Answer: I'll get right on it! I can sense your eagerness to regain control over your user profile PIN. 

To reset your PIN, follow these simple steps:

1. Log in to your account on our platform.
2. Navigate to the account settings or profile settings section.
3. Look for the option to manage or change your PIN.
4. Click on the ""Reset PIN"" option.
5. Follow any additional instructions or verification steps provided on the screen.

If you encounter any difficulties or require further assistance during the process, don't hesitate to reach out. We're here to support you every step of the way!"
registration_problems,ACCOUNT,I need support with my sign-up,"Thanks for dropping us a line for support with your sign-up process. We understand that signing up for a new service can sometimes be overwhelming, and we're here to assist you every step of the way. Could you please provide us with more details about the specific issues you're facing? This will help us understand the problem better and provide you with the most suitable guidance and assistance to ensure a smooth sign-up experience. Your feedback is extremely valuable to us, and we appreciate your patience as we work together to resolve any difficulties you may be encountering.","Category: ACCOUNT | Question: I need support with my sign-up | Answer: Thanks for dropping us a line for support with your sign-up process. We understand that signing up for a new service can sometimes be overwhelming, and we're here to assist you every step of the way. Could you please provide us with more details about the specific issues you're facing? This will help us understand the problem better and provide you with the most suitable guidance and assistance to ensure a smooth sign-up experience. Your feedback is extremely valuable to us, and we appreciate your patience as we work together to resolve any difficulties you may be encountering."
review,FEEDBACK,uhave a method to leave an opinion about ur services,"We absolutely do! We highly value your opinion and appreciate your interest in sharing your feedback about our services. Your insights are truly valuable to us as they help us improve and provide you with even better experiences in the future. To leave an opinion about our services, you can visit our website and navigate to the ""Feedback"" section. There, you'll find a form where you can express your thoughts and suggestions regarding our services. We're eager to hear from you and look forward to your valuable feedback. Thank you for your contribution to our ongoing efforts to serve you better!","Category: FEEDBACK | Question: uhave a method to leave an opinion about ur services | Answer: We absolutely do! We highly value your opinion and appreciate your interest in sharing your feedback about our services. Your insights are truly valuable to us as they help us improve and provide you with even better experiences in the future. To leave an opinion about our services, you can visit our website and navigate to the ""Feedback"" section. There, you'll find a form where you can express your thoughts and suggestions regarding our services. We're eager to hear from you and look forward to your valuable feedback. Thank you for your contribution to our ongoing efforts to serve you better!"
set_up_shipping_address,SHIPPING,error setting the shipping address up,"I'm sorry to hear that you're experiencing difficulties while setting up your shipping address. I understand how frustrating this can be, but rest assured, I'm here to help you through it. Can you please provide me with more details about the error you encountered? This will allow me to better understand the issue and provide you with the most accurate assistance. Together, we'll solve this problem and get your shipping address set up smoothly.","Category: SHIPPING | Question: error setting the shipping address up | Answer: I'm sorry to hear that you're experiencing difficulties while setting up your shipping address. I understand how frustrating this can be, but rest assured, I'm here to help you through it. Can you please provide me with more details about the error you encountered? This will allow me to better understand the issue and provide you with the most accurate assistance. Together, we'll solve this problem and get your shipping address set up smoothly."
switch_account,ACCOUNT,switch user,"I'll take care of it! I'm here to guide you through the process of switching users in a seamless manner:

1. Identify the User Icon: Look for the user icon on the top right corner of your screen. It usually appears as a silhouette or a profile picture.
2. Click on the User Icon: Once you've located the user icon, click on it to open the user menu.
3. Select the Switch User Option: In the user menu, you'll find an option labeled ""Switch User"" or ""Log Out"". Click on this option to proceed.
4. Choose the Desired User: A list of available user profiles will be displayed. Choose the user you wish to switch to by clicking on their name or profile picture.
5. Enjoy the Switch: Once you've made your selection, the page will refresh, and you'll be switched to the chosen user profile.

If you encounter any difficulties or have further questions, please don't hesitate to ask. Your satisfaction is important to us, and I'm here to ensure a smooth transition between users.","Category: ACCOUNT | Question: switch user | Answer: I'll take care of it! I'm here to guide you through the process of switching users in a seamless manner:

1. Identify the User Icon: Look for the user icon on the top right corner of your screen. It usually appears as a silhouette or a profile picture.
2. Click on the User Icon: Once you've located the user icon, click on it to open the user menu.
3. Select the Switch User Option: In the user menu, you'll find an option labeled ""Switch User"" or ""Log Out"". Click on this option to proceed.
4. Choose the Desired User: A list of available user profiles will be displayed. Choose the user you wish to switch to by clicking on their name or profile picture.
5. Enjoy the Switch: Once you've made your selection, the page will refresh, and you'll be switched to the chosen user profile.

If you encounter any difficulties or have further questions, please don't hesitate to ask. Your satisfaction is important to us, and I'm here to ensure a smooth transition between users."
track_order,ORDER,needx help to check the ETA of purchase {{Order Number}},"Your message means a lot! I'm aligned with the idea that you need assistance with checking the Estimated Time of Arrival (ETA) for your purchase with the order number {{Order Number}} {{Order Number}}. To obtain the ETA, you can visit the '{{Order Status}}' section on our website. It should provide you with the most up-to-date information regarding the delivery status of your purchase. If you have any further questions or require additional guidance, please feel free to ask. I'm here to ensure you have a smooth and satisfactory experience!","Category: ORDER | Question: needx help to check the ETA of purchase {{Order Number}} | Answer: Your message means a lot! I'm aligned with the idea that you need assistance with checking the Estimated Time of Arrival (ETA) for your purchase with the order number {{Order Number}} {{Order Number}}. To obtain the ETA, you can visit the '{{Order Status}}' section on our website. It should provide you with the most up-to-date information regarding the delivery status of your purchase. If you have any further questions or require additional guidance, please feel free to ask. I'm here to ensure you have a smooth and satisfactory experience!"
track_refund,REFUND,can I see if there is anything new on the reimbursement?,I understand your eagerness to stay updated on the status of your reimbursement. It's completely natural to want to know if there have been any recent updates. Let me quickly check for any new information regarding your reimbursement. Please bear with me for a moment while I gather the details. Your patience is greatly appreciated as we work towards ensuring your satisfaction and resolving any concerns you may have.,Category: REFUND | Question: can I see if there is anything new on the reimbursement? | Answer: I understand your eagerness to stay updated on the status of your reimbursement. It's completely natural to want to know if there have been any recent updates. Let me quickly check for any new information regarding your reimbursement. Please bear with me for a moment while I gather the details. Your patience is greatly appreciated as we work towards ensuring your satisfaction and resolving any concerns you may have.
